Example_Integer;Example_Number;Example_Number_Dec4;Example_String;Example_Now
1;0.12;0.8451;String here from 1 line;2022-01-09 19:23:57
2;0.21;0.8097;String here from 2 line;2022-01-09 19:23:57
3;0.87;0.1596;String here from 3 line;2022-01-09 19:23:57
4;0.95;0.3942;String here from 4 line;2022-01-09 19:23:57
5;0.03;0.4623;String here from 5 line;2022-01-09 19:23:57
6;0.92;0.5560;String here from 6 line;2022-01-09 19:23:57
7;0.10;0.3374;String here from 7 line;2022-01-09 19:23:57
8;0.33;0.5242;String here from 8 line;2022-01-09 19:23:57
9;0.40;0.0457;String here from 9 line;2022-01-09 19:23:57
10;0.20;0.9411;String here from 10 line;2022-01-09 19:23:57
11;0.31;0.5735;String here from 11 line;2022-01-09 19:23:57
12;0.13;0.7112;String here from 12 line;2022-01-09 19:23:57
13;0.84;0.4724;String here from 13 line;2022-01-09 19:23:57
14;0.49;0.5709;String here from 14 line;2022-01-09 19:23:57
15;0.03;0.6786;String here from 15 line;2022-01-09 19:23:57
16;0.12;0.5100;String here from 16 line;2022-01-09 19:23:57
17;0.90;0.7379;String here from 17 line;2022-01-09 19:23:57
18;0.44;0.7341;String here from 18 line;2022-01-09 19:23:57
19;0.60;0.4893;String here from 19 line;2022-01-09 19:23:57
20;0.57;0.7145;String here from 20 line;2022-01-09 19:23:57
21;0.73;0.3135;String here from 21 line;2022-01-09 19:23:57
22;0.51;0.4227;String here from 22 line;2022-01-09 19:23:57
23;0.22;0.6919;String here from 23 line;2022-01-09 19:23:57
24;0.34;0.1053;String here from 24 line;2022-01-09 19:23:57
25;0.14;0.0188;String here from 25 line;2022-01-09 19:23:57
26;0.14;0.5637;String here from 26 line;2022-01-09 19:23:57
27;0.65;0.5899;String here from 27 line;2022-01-09 19:23:57
28;0.15;0.2068;String here from 28 line;2022-01-09 19:23:57
29;0.57;0.0054;String here from 29 line;2022-01-09 19:23:57
30;0.15;0.3662;String here from 30 line;2022-01-09 19:23:57
31;0.95;0.2769;String here from 31 line;2022-01-09 19:23:57
32;0.46;0.9079;String here from 32 line;2022-01-09 19:23:57
33;0.84;0.8253;String here from 33 line;2022-01-09 19:23:57
34;0.64;0.4630;String here from 34 line;2022-01-09 19:23:57
35;0.25;0.4158;String here from 35 line;2022-01-09 19:23:57
36;0.66;0.7636;String here from 36 line;2022-01-09 19:23:57
37;0.77;0.2927;String here from 37 line;2022-01-09 19:23:57
38;0.11;0.2308;String here from 38 line;2022-01-09 19:23:57
39;0.45;0.6266;String here from 39 line;2022-01-09 19:23:57
40;0.86;0.2608;String here from 40 line;2022-01-09 19:23:57
41;0.09;0.9710;String here from 41 line;2022-01-09 19:23:57
42;0.25;0.3288;String here from 42 line;2022-01-09 19:23:57
43;0.46;0.6511;String here from 43 line;2022-01-09 19:23:57
44;0.30;0.4809;String here from 44 line;2022-01-09 19:23:57
45;0.96;0.4532;String here from 45 line;2022-01-09 19:23:57
46;0.31;0.3700;String here from 46 line;2022-01-09 19:23:57
47;0.25;0.2203;String here from 47 line;2022-01-09 19:23:57
48;0.06;0.7571;String here from 48 line;2022-01-09 19:23:57
49;0.44;0.9347;String here from 49 line;2022-01-09 19:23:57
50;0.63;0.1931;String here from 50 line;2022-01-09 19:23:57
51;0.10;0.2518;String here from 51 line;2022-01-09 19:23:57
52;0.71;0.8834;String here from 52 line;2022-01-09 19:23:57
53;0.36;0.2103;String here from 53 line;2022-01-09 19:23:57
54;0.79;0.6709;String here from 54 line;2022-01-09 19:23:57
55;0.33;0.6783;String here from 55 line;2022-01-09 19:23:57
56;0.29;0.0273;String here from 56 line;2022-01-09 19:23:57
57;0.03;0.2321;String here from 57 line;2022-01-09 19:23:57
58;0.98;0.6041;String here from 58 line;2022-01-09 19:23:57
59;0.50;0.0672;String here from 59 line;2022-01-09 19:23:57
60;0.46;0.9740;String here from 60 line;2022-01-09 19:23:57
61;0.80;0.7827;String here from 61 line;2022-01-09 19:23:57
62;0.28;0.7307;String here from 62 line;2022-01-09 19:23:57
63;0.14;0.7056;String here from 63 line;2022-01-09 19:23:57
64;0.24;0.4472;String here from 64 line;2022-01-09 19:23:57
65;0.60;0.8698;String here from 65 line;2022-01-09 19:23:57
66;0.17;0.4984;String here from 66 line;2022-01-09 19:23:57
67;0.12;0.1129;String here from 67 line;2022-01-09 19:23:57
68;0.86;0.1055;String here from 68 line;2022-01-09 19:23:57
69;0.96;0.9697;String here from 69 line;2022-01-09 19:23:57
70;0.81;0.4952;String here from 70 line;2022-01-09 19:23:57
71;0.37;0.3194;String here from 71 line;2022-01-09 19:23:57
72;0.29;0.5085;String here from 72 line;2022-01-09 19:23:57
73;0.79;0.7376;String here from 73 line;2022-01-09 19:23:57
74;0.87;0.5599;String here from 74 line;2022-01-09 19:23:57
75;0.90;0.9703;String here from 75 line;2022-01-09 19:23:57
76;0.64;0.4989;String here from 76 line;2022-01-09 19:23:57
77;0.23;0.1877;String here from 77 line;2022-01-09 19:23:57
78;0.32;0.9494;String here from 78 line;2022-01-09 19:23:57
79;0.75;0.7687;String here from 79 line;2022-01-09 19:23:57
80;0.21;0.5388;String here from 80 line;2022-01-09 19:23:57
81;0.13;0.9936;String here from 81 line;2022-01-09 19:23:57
82;0.13;0.1657;String here from 82 line;2022-01-09 19:23:57
83;0.81;0.5823;String here from 83 line;2022-01-09 19:23:57
84;0.02;0.1486;String here from 84 line;2022-01-09 19:23:57
85;0.22;0.9724;String here from 85 line;2022-01-09 19:23:57
86;0.15;0.8904;String here from 86 line;2022-01-09 19:23:57
87;0.71;0.2280;String here from 87 line;2022-01-09 19:23:57
88;0.65;0.5500;String here from 88 line;2022-01-09 19:23:57
89;0.72;0.3808;String here from 89 line;2022-01-09 19:23:57
90;0.45;0.2370;String here from 90 line;2022-01-09 19:23:57
91;0.47;0.1225;String here from 91 line;2022-01-09 19:23:57
92;0.79;0.7950;String here from 92 line;2022-01-09 19:23:57
93;0.51;0.9553;String here from 93 line;2022-01-09 19:23:57
94;0.72;0.3223;String here from 94 line;2022-01-09 19:23:57
95;0.52;0.6282;String here from 95 line;2022-01-09 19:23:57
96;0.75;0.7297;String here from 96 line;2022-01-09 19:23:57
97;0.42;0.1893;String here from 97 line;2022-01-09 19:23:57
98;0.62;0.6364;String here from 98 line;2022-01-09 19:23:57
99;0.12;0.2342;String here from 99 line;2022-01-09 19:23:57
100;0.75;0.5606;String here from 100 line;2022-01-09 19:23:57
101;0.32;0.1359;String here from 101 line;2022-01-09 19:23:57
102;0.65;0.7150;String here from 102 line;2022-01-09 19:23:57
103;0.23;0.1776;String here from 103 line;2022-01-09 19:23:57
104;0.75;0.0297;String here from 104 line;2022-01-09 19:23:57
105;0.60;0.1508;String here from 105 line;2022-01-09 19:23:57
106;0.50;0.6999;String here from 106 line;2022-01-09 19:23:57
107;0.06;0.9638;String here from 107 line;2022-01-09 19:23:57
108;0.41;0.9558;String here from 108 line;2022-01-09 19:23:57
109;0.51;0.8659;String here from 109 line;2022-01-09 19:23:57
110;0.71;0.5261;String here from 110 line;2022-01-09 19:23:57
111;0.73;0.0105;String here from 111 line;2022-01-09 19:23:57
112;0.11;0.0774;String here from 112 line;2022-01-09 19:23:57
113;0.98;0.3490;String here from 113 line;2022-01-09 19:23:57
114;0.31;0.2332;String here from 114 line;2022-01-09 19:23:57
115;0.87;0.3991;String here from 115 line;2022-01-09 19:23:57
116;0.93;0.9618;String here from 116 line;2022-01-09 19:23:57
117;0.35;0.6704;String here from 117 line;2022-01-09 19:23:57
118;0.85;0.1560;String here from 118 line;2022-01-09 19:23:57
119;0.31;0.1827;String here from 119 line;2022-01-09 19:23:57
120;0.63;0.2241;String here from 120 line;2022-01-09 19:23:57
121;0.37;0.2175;String here from 121 line;2022-01-09 19:23:57
122;0.78;0.6365;String here from 122 line;2022-01-09 19:23:57
123;0.03;0.9815;String here from 123 line;2022-01-09 19:23:57
124;0.55;0.2492;String here from 124 line;2022-01-09 19:23:57
125;0.53;0.7387;String here from 125 line;2022-01-09 19:23:57
126;0.48;0.0208;String here from 126 line;2022-01-09 19:23:57
127;0.51;0.1715;String here from 127 line;2022-01-09 19:23:57
128;0.28;0.9126;String here from 128 line;2022-01-09 19:23:57
129;0.76;0.5968;String here from 129 line;2022-01-09 19:23:57
130;0.66;0.1498;String here from 130 line;2022-01-09 19:23:57
131;0.04;0.4768;String here from 131 line;2022-01-09 19:23:57
132;0.35;0.6090;String here from 132 line;2022-01-09 19:23:57
133;0.77;0.6712;String here from 133 line;2022-01-09 19:23:57
134;0.59;0.7113;String here from 134 line;2022-01-09 19:23:57
135;0.16;0.1130;String here from 135 line;2022-01-09 19:23:57
136;0.77;0.8915;String here from 136 line;2022-01-09 19:23:57
137;0.90;0.2184;String here from 137 line;2022-01-09 19:23:57
138;0.19;0.0932;String here from 138 line;2022-01-09 19:23:57
139;0.94;0.4822;String here from 139 line;2022-01-09 19:23:57
140;0.75;0.7599;String here from 140 line;2022-01-09 19:23:57
141;0.10;0.7220;String here from 141 line;2022-01-09 19:23:57
142;0.74;0.4202;String here from 142 line;2022-01-09 19:23:57
143;0.94;0.0075;String here from 143 line;2022-01-09 19:23:57
144;0.08;0.5100;String here from 144 line;2022-01-09 19:23:57
145;0.65;0.3429;String here from 145 line;2022-01-09 19:23:57
146;0.85;0.5441;String here from 146 line;2022-01-09 19:23:57
147;0.63;0.6481;String here from 147 line;2022-01-09 19:23:57
148;0.03;0.5534;String here from 148 line;2022-01-09 19:23:57
149;0.57;0.5966;String here from 149 line;2022-01-09 19:23:57
150;0.14;0.0131;String here from 150 line;2022-01-09 19:23:57
151;0.09;0.3868;String here from 151 line;2022-01-09 19:23:57
152;0.71;0.9483;String here from 152 line;2022-01-09 19:23:57
153;0.80;0.8969;String here from 153 line;2022-01-09 19:23:57
154;0.38;0.6495;String here from 154 line;2022-01-09 19:23:57
155;0.07;0.0735;String here from 155 line;2022-01-09 19:23:57
156;0.18;0.0521;String here from 156 line;2022-01-09 19:23:57
157;0.36;0.6885;String here from 157 line;2022-01-09 19:23:57
158;0.67;0.1741;String here from 158 line;2022-01-09 19:23:57
159;0.18;0.4523;String here from 159 line;2022-01-09 19:23:57
160;0.54;0.6518;String here from 160 line;2022-01-09 19:23:57
161;0.29;0.5985;String here from 161 line;2022-01-09 19:23:57
162;0.12;0.8724;String here from 162 line;2022-01-09 19:23:57
163;0.65;0.9417;String here from 163 line;2022-01-09 19:23:57
164;0.69;0.1071;String here from 164 line;2022-01-09 19:23:57
165;0.60;0.9387;String here from 165 line;2022-01-09 19:23:57
166;0.32;0.0848;String here from 166 line;2022-01-09 19:23:57
167;0.97;0.3070;String here from 167 line;2022-01-09 19:23:57
168;0.59;0.0413;String here from 168 line;2022-01-09 19:23:57
169;0.54;0.6788;String here from 169 line;2022-01-09 19:23:57
170;0.48;0.5670;String here from 170 line;2022-01-09 19:23:57
171;0.28;0.1157;String here from 171 line;2022-01-09 19:23:57
172;0.10;0.5457;String here from 172 line;2022-01-09 19:23:57
173;0.05;0.1601;String here from 173 line;2022-01-09 19:23:57
174;0.92;0.3930;String here from 174 line;2022-01-09 19:23:57
175;0.15;0.2720;String here from 175 line;2022-01-09 19:23:57
176;0.02;0.7477;String here from 176 line;2022-01-09 19:23:57
177;0.33;0.7173;String here from 177 line;2022-01-09 19:23:57
178;0.93;0.4083;String here from 178 line;2022-01-09 19:23:57
179;0.88;0.8247;String here from 179 line;2022-01-09 19:23:57
180;0.11;0.8259;String here from 180 line;2022-01-09 19:23:57
181;0.39;0.5178;String here from 181 line;2022-01-09 19:23:57
182;0.95;0.9450;String here from 182 line;2022-01-09 19:23:57
183;0.76;0.9370;String here from 183 line;2022-01-09 19:23:57
184;0.52;0.3975;String here from 184 line;2022-01-09 19:23:57
185;0.79;0.4014;String here from 185 line;2022-01-09 19:23:57
186;0.51;0.2952;String here from 186 line;2022-01-09 19:23:57
187;0.66;0.8841;String here from 187 line;2022-01-09 19:23:57
188;0.96;0.9877;String here from 188 line;2022-01-09 19:23:57
189;0.06;0.7419;String here from 189 line;2022-01-09 19:23:57
190;0.70;0.9253;String here from 190 line;2022-01-09 19:23:57
191;0.55;0.1287;String here from 191 line;2022-01-09 19:23:57
192;0.78;0.7360;String here from 192 line;2022-01-09 19:23:57
193;0.08;0.7367;String here from 193 line;2022-01-09 19:23:57
194;0.43;0.5387;String here from 194 line;2022-01-09 19:23:57
195;0.78;0.2877;String here from 195 line;2022-01-09 19:23:57
196;0.83;0.3622;String here from 196 line;2022-01-09 19:23:57
197;0.20;0.1290;String here from 197 line;2022-01-09 19:23:57
198;0.52;0.0336;String here from 198 line;2022-01-09 19:23:57
199;0.33;0.3190;String here from 199 line;2022-01-09 19:23:57
200;0.78;0.4442;String here from 200 line;2022-01-09 19:23:57
201;0.15;0.8354;String here from 201 line;2022-01-09 19:23:57
202;0.65;0.5856;String here from 202 line;2022-01-09 19:23:57
203;0.53;0.6253;String here from 203 line;2022-01-09 19:23:57
204;0.36;0.8582;String here from 204 line;2022-01-09 19:23:57
205;0.84;0.4542;String here from 205 line;2022-01-09 19:23:57
206;0.38;0.7124;String here from 206 line;2022-01-09 19:23:57
207;0.27;0.2924;String here from 207 line;2022-01-09 19:23:57
208;0.93;0.8924;String here from 208 line;2022-01-09 19:23:57
209;0.41;0.8122;String here from 209 line;2022-01-09 19:23:57
210;0.69;0.4739;String here from 210 line;2022-01-09 19:23:57
211;0.30;0.0410;String here from 211 line;2022-01-09 19:23:57
212;0.94;0.7495;String here from 212 line;2022-01-09 19:23:57
213;0.70;0.3235;String here from 213 line;2022-01-09 19:23:57
214;0.91;0.7276;String here from 214 line;2022-01-09 19:23:57
215;0.65;0.9422;String here from 215 line;2022-01-09 19:23:57
216;0.00;0.7097;String here from 216 line;2022-01-09 19:23:57
217;0.04;0.2414;String here from 217 line;2022-01-09 19:23:57
218;0.80;0.5829;String here from 218 line;2022-01-09 19:23:57
219;0.36;0.6447;String here from 219 line;2022-01-09 19:23:57
220;0.31;0.0478;String here from 220 line;2022-01-09 19:23:57
221;0.97;0.7111;String here from 221 line;2022-01-09 19:23:57
222;0.99;0.2560;String here from 222 line;2022-01-09 19:23:57
223;0.06;0.2305;String here from 223 line;2022-01-09 19:23:57
224;0.18;0.5216;String here from 224 line;2022-01-09 19:23:57
225;0.25;0.5250;String here from 225 line;2022-01-09 19:23:57
226;0.33;0.0051;String here from 226 line;2022-01-09 19:23:57
227;0.12;0.5725;String here from 227 line;2022-01-09 19:23:57
228;0.58;0.5860;String here from 228 line;2022-01-09 19:23:57
229;0.11;0.6646;String here from 229 line;2022-01-09 19:23:57
230;0.13;0.7207;String here from 230 line;2022-01-09 19:23:57
231;0.90;0.0455;String here from 231 line;2022-01-09 19:23:57
232;0.61;0.0830;String here from 232 line;2022-01-09 19:23:57
233;0.79;0.3962;String here from 233 line;2022-01-09 19:23:57
234;0.32;0.3703;String here from 234 line;2022-01-09 19:23:57
235;0.77;0.0299;String here from 235 line;2022-01-09 19:23:57
236;0.10;0.0322;String here from 236 line;2022-01-09 19:23:57
237;0.34;0.3771;String here from 237 line;2022-01-09 19:23:57
238;0.69;0.8143;String here from 238 line;2022-01-09 19:23:57
239;0.17;0.3030;String here from 239 line;2022-01-09 19:23:57
240;0.11;0.3189;String here from 240 line;2022-01-09 19:23:57
241;0.06;0.1534;String here from 241 line;2022-01-09 19:23:57
242;0.11;0.5208;String here from 242 line;2022-01-09 19:23:57
243;0.03;0.6089;String here from 243 line;2022-01-09 19:23:57
244;0.58;0.4213;String here from 244 line;2022-01-09 19:23:57
245;0.95;0.7587;String here from 245 line;2022-01-09 19:23:57
246;0.22;0.2918;String here from 246 line;2022-01-09 19:23:57
247;0.82;0.5060;String here from 247 line;2022-01-09 19:23:57
248;0.24;0.7677;String here from 248 line;2022-01-09 19:23:57
249;0.52;0.8224;String here from 249 line;2022-01-09 19:23:57
250;0.17;0.7801;String here from 250 line;2022-01-09 19:23:57
251;0.59;0.1187;String here from 251 line;2022-01-09 19:23:57
252;0.78;0.7621;String here from 252 line;2022-01-09 19:23:57
253;0.96;0.9735;String here from 253 line;2022-01-09 19:23:57
254;0.44;0.2042;String here from 254 line;2022-01-09 19:23:57
255;0.13;0.2658;String here from 255 line;2022-01-09 19:23:57
256;0.51;0.9479;String here from 256 line;2022-01-09 19:23:57
257;0.86;0.4189;String here from 257 line;2022-01-09 19:23:57
258;0.89;0.9549;String here from 258 line;2022-01-09 19:23:57
259;0.96;0.3600;String here from 259 line;2022-01-09 19:23:57
260;0.80;0.5428;String here from 260 line;2022-01-09 19:23:57
261;0.94;0.7358;String here from 261 line;2022-01-09 19:23:57
262;0.53;0.0001;String here from 262 line;2022-01-09 19:23:57
263;0.85;0.7374;String here from 263 line;2022-01-09 19:23:57
264;0.44;0.4288;String here from 264 line;2022-01-09 19:23:57
265;0.10;0.2835;String here from 265 line;2022-01-09 19:23:57
266;0.52;0.2068;String here from 266 line;2022-01-09 19:23:57
267;0.55;0.6181;String here from 267 line;2022-01-09 19:23:57
268;0.64;0.3890;String here from 268 line;2022-01-09 19:23:57
269;0.93;0.8274;String here from 269 line;2022-01-09 19:23:57
270;0.46;0.6492;String here from 270 line;2022-01-09 19:23:57
271;0.80;0.1273;String here from 271 line;2022-01-09 19:23:57
272;0.47;0.2920;String here from 272 line;2022-01-09 19:23:57
273;0.18;0.6456;String here from 273 line;2022-01-09 19:23:57
274;0.10;0.2340;String here from 274 line;2022-01-09 19:23:57
275;0.48;0.6878;String here from 275 line;2022-01-09 19:23:57
276;0.09;0.8210;String here from 276 line;2022-01-09 19:23:57
277;0.95;0.1642;String here from 277 line;2022-01-09 19:23:57
278;0.00;0.8508;String here from 278 line;2022-01-09 19:23:57
279;0.08;0.2958;String here from 279 line;2022-01-09 19:23:57
280;0.98;0.0546;String here from 280 line;2022-01-09 19:23:57
281;0.16;0.6035;String here from 281 line;2022-01-09 19:23:57
282;0.06;0.6186;String here from 282 line;2022-01-09 19:23:57
283;0.18;0.6864;String here from 283 line;2022-01-09 19:23:57
284;0.14;0.1601;String here from 284 line;2022-01-09 19:23:57
285;0.16;0.2204;String here from 285 line;2022-01-09 19:23:57
286;0.25;0.3974;String here from 286 line;2022-01-09 19:23:57
287;0.19;0.0329;String here from 287 line;2022-01-09 19:23:57
288;0.89;0.9427;String here from 288 line;2022-01-09 19:23:57
289;0.41;0.2787;String here from 289 line;2022-01-09 19:23:57
290;0.39;0.1347;String here from 290 line;2022-01-09 19:23:57
291;0.55;0.2114;String here from 291 line;2022-01-09 19:23:57
292;0.06;0.3953;String here from 292 line;2022-01-09 19:23:57
293;0.57;0.6472;String here from 293 line;2022-01-09 19:23:57
294;0.52;0.6284;String here from 294 line;2022-01-09 19:23:57
295;0.74;0.9629;String here from 295 line;2022-01-09 19:23:57
296;0.51;0.0889;String here from 296 line;2022-01-09 19:23:57
297;0.44;0.4751;String here from 297 line;2022-01-09 19:23:57
298;0.09;0.7933;String here from 298 line;2022-01-09 19:23:57
299;0.91;0.1142;String here from 299 line;2022-01-09 19:23:57
300;0.35;0.9914;String here from 300 line;2022-01-09 19:23:57
301;0.52;0.6640;String here from 301 line;2022-01-09 19:23:57
302;0.39;0.7207;String here from 302 line;2022-01-09 19:23:57
303;0.33;0.8414;String here from 303 line;2022-01-09 19:23:57
304;0.32;0.6388;String here from 304 line;2022-01-09 19:23:57
305;0.82;0.3494;String here from 305 line;2022-01-09 19:23:57
306;0.49;0.9556;String here from 306 line;2022-01-09 19:23:57
307;0.38;0.2496;String here from 307 line;2022-01-09 19:23:57
308;0.00;0.9150;String here from 308 line;2022-01-09 19:23:57
309;0.97;0.0271;String here from 309 line;2022-01-09 19:23:57
310;0.63;0.7330;String here from 310 line;2022-01-09 19:23:57
311;0.46;0.3018;String here from 311 line;2022-01-09 19:23:57
312;0.76;0.7690;String here from 312 line;2022-01-09 19:23:57
313;0.19;0.4508;String here from 313 line;2022-01-09 19:23:57
314;0.43;0.7725;String here from 314 line;2022-01-09 19:23:57
315;0.17;0.2798;String here from 315 line;2022-01-09 19:23:57
316;0.28;0.4144;String here from 316 line;2022-01-09 19:23:57
317;0.89;0.3007;String here from 317 line;2022-01-09 19:23:57
318;0.10;0.7342;String here from 318 line;2022-01-09 19:23:57
319;0.59;0.4358;String here from 319 line;2022-01-09 19:23:57
320;0.30;0.7927;String here from 320 line;2022-01-09 19:23:57
321;0.97;0.4247;String here from 321 line;2022-01-09 19:23:57
322;0.27;0.7316;String here from 322 line;2022-01-09 19:23:57
323;0.58;0.4349;String here from 323 line;2022-01-09 19:23:57
324;0.03;0.7109;String here from 324 line;2022-01-09 19:23:57
325;0.90;0.7552;String here from 325 line;2022-01-09 19:23:57
326;0.03;0.3887;String here from 326 line;2022-01-09 19:23:57
327;0.30;0.8068;String here from 327 line;2022-01-09 19:23:57
328;0.06;0.3439;String here from 328 line;2022-01-09 19:23:57
329;0.43;0.2411;String here from 329 line;2022-01-09 19:23:57
330;1.00;0.9552;String here from 330 line;2022-01-09 19:23:57
331;0.39;0.8320;String here from 331 line;2022-01-09 19:23:57
332;0.04;0.2427;String here from 332 line;2022-01-09 19:23:57
333;0.72;0.2078;String here from 333 line;2022-01-09 19:23:57
334;0.08;0.6270;String here from 334 line;2022-01-09 19:23:57
335;0.77;0.4993;String here from 335 line;2022-01-09 19:23:57
336;0.99;0.6338;String here from 336 line;2022-01-09 19:23:57
337;0.57;0.3735;String here from 337 line;2022-01-09 19:23:57
338;0.08;0.0801;String here from 338 line;2022-01-09 19:23:57
339;0.95;0.0829;String here from 339 line;2022-01-09 19:23:57
340;0.39;0.6465;String here from 340 line;2022-01-09 19:23:57
341;0.54;0.8600;String here from 341 line;2022-01-09 19:23:57
342;0.34;0.2518;String here from 342 line;2022-01-09 19:23:57
343;0.56;0.7032;String here from 343 line;2022-01-09 19:23:57
344;0.58;0.9174;String here from 344 line;2022-01-09 19:23:57
345;0.39;0.6977;String here from 345 line;2022-01-09 19:23:57
346;0.74;0.0508;String here from 346 line;2022-01-09 19:23:57
347;0.82;0.7403;String here from 347 line;2022-01-09 19:23:57
348;0.36;0.4414;String here from 348 line;2022-01-09 19:23:57
349;0.56;0.8399;String here from 349 line;2022-01-09 19:23:57
350;0.25;0.8358;String here from 350 line;2022-01-09 19:23:57
351;0.98;0.1659;String here from 351 line;2022-01-09 19:23:57
352;0.36;0.7873;String here from 352 line;2022-01-09 19:23:57
353;0.30;0.9163;String here from 353 line;2022-01-09 19:23:57
354;0.20;0.4649;String here from 354 line;2022-01-09 19:23:57
355;0.35;0.7436;String here from 355 line;2022-01-09 19:23:57
356;0.18;0.3660;String here from 356 line;2022-01-09 19:23:57
357;0.12;0.9923;String here from 357 line;2022-01-09 19:23:57
358;0.61;0.9722;String here from 358 line;2022-01-09 19:23:57
359;0.35;0.5779;String here from 359 line;2022-01-09 19:23:57
360;0.86;0.4810;String here from 360 line;2022-01-09 19:23:57
361;0.39;0.1854;String here from 361 line;2022-01-09 19:23:57
362;0.02;0.9011;String here from 362 line;2022-01-09 19:23:57
363;0.42;0.4633;String here from 363 line;2022-01-09 19:23:57
364;0.35;0.5765;String here from 364 line;2022-01-09 19:23:57
365;0.81;0.1005;String here from 365 line;2022-01-09 19:23:57
366;0.51;0.1000;String here from 366 line;2022-01-09 19:23:57
367;0.63;0.1120;String here from 367 line;2022-01-09 19:23:57
368;0.61;0.4965;String here from 368 line;2022-01-09 19:23:57
369;0.47;0.5467;String here from 369 line;2022-01-09 19:23:57
370;0.57;0.8885;String here from 370 line;2022-01-09 19:23:57
371;0.35;0.8627;String here from 371 line;2022-01-09 19:23:57
372;0.95;0.7086;String here from 372 line;2022-01-09 19:23:57
373;0.48;0.1236;String here from 373 line;2022-01-09 19:23:57
374;0.42;0.8465;String here from 374 line;2022-01-09 19:23:57
375;0.66;0.5322;String here from 375 line;2022-01-09 19:23:57
376;0.76;0.3020;String here from 376 line;2022-01-09 19:23:57
377;0.44;0.1323;String here from 377 line;2022-01-09 19:23:57
378;0.29;0.2448;String here from 378 line;2022-01-09 19:23:57
379;0.14;0.3300;String here from 379 line;2022-01-09 19:23:57
380;0.56;0.1705;String here from 380 line;2022-01-09 19:23:57
381;0.23;0.6885;String here from 381 line;2022-01-09 19:23:57
382;0.25;0.2998;String here from 382 line;2022-01-09 19:23:57
383;0.50;0.0090;String here from 383 line;2022-01-09 19:23:57
384;0.71;0.3282;String here from 384 line;2022-01-09 19:23:57
385;0.15;0.0229;String here from 385 line;2022-01-09 19:23:57
386;0.97;0.4077;String here from 386 line;2022-01-09 19:23:57
387;0.08;0.0710;String here from 387 line;2022-01-09 19:23:57
388;0.51;0.8922;String here from 388 line;2022-01-09 19:23:57
389;0.62;0.1937;String here from 389 line;2022-01-09 19:23:57
390;0.55;0.5208;String here from 390 line;2022-01-09 19:23:57
391;0.69;0.9301;String here from 391 line;2022-01-09 19:23:57
392;0.76;0.1221;String here from 392 line;2022-01-09 19:23:57
393;0.57;0.4393;String here from 393 line;2022-01-09 19:23:57
394;0.88;0.4159;String here from 394 line;2022-01-09 19:23:57
395;0.65;0.4348;String here from 395 line;2022-01-09 19:23:57
396;0.30;0.8270;String here from 396 line;2022-01-09 19:23:57
397;0.85;0.1205;String here from 397 line;2022-01-09 19:23:57
398;0.32;0.8361;String here from 398 line;2022-01-09 19:23:57
399;0.65;0.3362;String here from 399 line;2022-01-09 19:23:57
400;0.56;0.0359;String here from 400 line;2022-01-09 19:23:57
401;0.83;0.3750;String here from 401 line;2022-01-09 19:23:57
402;0.68;0.6063;String here from 402 line;2022-01-09 19:23:57
403;0.45;0.1158;String here from 403 line;2022-01-09 19:23:57
404;0.58;0.6013;String here from 404 line;2022-01-09 19:23:57
405;0.43;0.0541;String here from 405 line;2022-01-09 19:23:57
406;0.86;0.3569;String here from 406 line;2022-01-09 19:23:57
407;0.78;0.7774;String here from 407 line;2022-01-09 19:23:57
408;0.01;0.1915;String here from 408 line;2022-01-09 19:23:57
409;0.08;0.1432;String here from 409 line;2022-01-09 19:23:57
410;0.92;0.9835;String here from 410 line;2022-01-09 19:23:57
411;0.68;0.0846;String here from 411 line;2022-01-09 19:23:57
412;0.62;0.4110;String here from 412 line;2022-01-09 19:23:57
413;0.15;0.8080;String here from 413 line;2022-01-09 19:23:57
414;0.40;0.2570;String here from 414 line;2022-01-09 19:23:57
415;0.42;0.3170;String here from 415 line;2022-01-09 19:23:57
416;0.43;0.9398;String here from 416 line;2022-01-09 19:23:57
417;0.69;0.7812;String here from 417 line;2022-01-09 19:23:57
418;0.44;0.6593;String here from 418 line;2022-01-09 19:23:57
419;0.52;0.4974;String here from 419 line;2022-01-09 19:23:57
420;0.97;0.6824;String here from 420 line;2022-01-09 19:23:57
421;0.02;0.3641;String here from 421 line;2022-01-09 19:23:57
422;0.69;0.0551;String here from 422 line;2022-01-09 19:23:57
423;0.67;0.6234;String here from 423 line;2022-01-09 19:23:57
424;0.31;0.7133;String here from 424 line;2022-01-09 19:23:57
425;0.20;0.5053;String here from 425 line;2022-01-09 19:23:57
426;0.31;0.0182;String here from 426 line;2022-01-09 19:23:57
427;0.66;0.4822;String here from 427 line;2022-01-09 19:23:57
428;0.98;0.2663;String here from 428 line;2022-01-09 19:23:57
429;0.62;0.3712;String here from 429 line;2022-01-09 19:23:57
430;0.77;0.1016;String here from 430 line;2022-01-09 19:23:57
431;0.68;0.5732;String here from 431 line;2022-01-09 19:23:57
432;0.60;0.8676;String here from 432 line;2022-01-09 19:23:57
433;0.18;0.2100;String here from 433 line;2022-01-09 19:23:57
434;0.65;0.7095;String here from 434 line;2022-01-09 19:23:57
435;0.22;0.3063;String here from 435 line;2022-01-09 19:23:57
436;0.62;0.3300;String here from 436 line;2022-01-09 19:23:57
437;0.86;0.2888;String here from 437 line;2022-01-09 19:23:57
438;0.10;0.9936;String here from 438 line;2022-01-09 19:23:57
439;0.11;0.6168;String here from 439 line;2022-01-09 19:23:57
440;0.98;0.6945;String here from 440 line;2022-01-09 19:23:57
441;0.60;0.9172;String here from 441 line;2022-01-09 19:23:57
442;0.74;0.5778;String here from 442 line;2022-01-09 19:23:57
443;0.18;0.2226;String here from 443 line;2022-01-09 19:23:57
444;0.54;0.6306;String here from 444 line;2022-01-09 19:23:57
445;0.37;0.5883;String here from 445 line;2022-01-09 19:23:57
446;0.31;0.5464;String here from 446 line;2022-01-09 19:23:57
447;0.87;0.8769;String here from 447 line;2022-01-09 19:23:57
448;0.71;0.6062;String here from 448 line;2022-01-09 19:23:57
449;0.65;0.1398;String here from 449 line;2022-01-09 19:23:57
450;1.00;0.1153;String here from 450 line;2022-01-09 19:23:57
451;0.67;0.2128;String here from 451 line;2022-01-09 19:23:57
452;0.45;0.7341;String here from 452 line;2022-01-09 19:23:57
453;0.52;0.5301;String here from 453 line;2022-01-09 19:23:57
454;0.21;0.0048;String here from 454 line;2022-01-09 19:23:57
455;0.79;0.5792;String here from 455 line;2022-01-09 19:23:57
456;0.74;0.9908;String here from 456 line;2022-01-09 19:23:57
457;0.08;0.6495;String here from 457 line;2022-01-09 19:23:57
458;0.62;0.6617;String here from 458 line;2022-01-09 19:23:57
459;0.99;0.7222;String here from 459 line;2022-01-09 19:23:57
460;0.76;0.2960;String here from 460 line;2022-01-09 19:23:57
461;0.76;0.0434;String here from 461 line;2022-01-09 19:23:57
462;0.40;0.0548;String here from 462 line;2022-01-09 19:23:57
463;0.43;0.9560;String here from 463 line;2022-01-09 19:23:57
464;0.04;0.0154;String here from 464 line;2022-01-09 19:23:57
465;0.58;0.2165;String here from 465 line;2022-01-09 19:23:57
466;0.75;0.4305;String here from 466 line;2022-01-09 19:23:57
467;0.09;0.4315;String here from 467 line;2022-01-09 19:23:57
468;0.13;0.7610;String here from 468 line;2022-01-09 19:23:57
469;0.03;0.0342;String here from 469 line;2022-01-09 19:23:57
470;0.83;0.9361;String here from 470 line;2022-01-09 19:23:57
471;0.49;0.7261;String here from 471 line;2022-01-09 19:23:57
472;0.58;0.5695;String here from 472 line;2022-01-09 19:23:57
473;0.26;0.0271;String here from 473 line;2022-01-09 19:23:57
474;0.70;0.4561;String here from 474 line;2022-01-09 19:23:57
475;0.67;0.0762;String here from 475 line;2022-01-09 19:23:57
476;0.63;0.6444;String here from 476 line;2022-01-09 19:23:57
477;0.49;0.7001;String here from 477 line;2022-01-09 19:23:57
478;0.79;0.5350;String here from 478 line;2022-01-09 19:23:57
479;0.32;0.6988;String here from 479 line;2022-01-09 19:23:57
480;0.21;0.0213;String here from 480 line;2022-01-09 19:23:57
481;0.87;0.1529;String here from 481 line;2022-01-09 19:23:57
482;0.03;0.1455;String here from 482 line;2022-01-09 19:23:57
483;0.93;0.5576;String here from 483 line;2022-01-09 19:23:57
484;0.89;0.1928;String here from 484 line;2022-01-09 19:23:57
485;0.85;0.8636;String here from 485 line;2022-01-09 19:23:57
486;0.07;0.0913;String here from 486 line;2022-01-09 19:23:57
487;0.29;0.3028;String here from 487 line;2022-01-09 19:23:57
488;0.62;0.0125;String here from 488 line;2022-01-09 19:23:57
489;0.07;0.0283;String here from 489 line;2022-01-09 19:23:57
490;0.35;0.4235;String here from 490 line;2022-01-09 19:23:57
491;0.59;0.0999;String here from 491 line;2022-01-09 19:23:57
492;0.09;0.3546;String here from 492 line;2022-01-09 19:23:57
493;0.76;0.0428;String here from 493 line;2022-01-09 19:23:57
494;0.55;0.1247;String here from 494 line;2022-01-09 19:23:57
495;0.01;0.4135;String here from 495 line;2022-01-09 19:23:57
496;0.12;0.6656;String here from 496 line;2022-01-09 19:23:57
497;0.35;0.6404;String here from 497 line;2022-01-09 19:23:57
498;0.07;0.9837;String here from 498 line;2022-01-09 19:23:57
499;0.23;0.5298;String here from 499 line;2022-01-09 19:23:57
500;0.56;0.4943;String here from 500 line;2022-01-09 19:23:57
501;0.38;0.1440;String here from 501 line;2022-01-09 19:23:57
502;0.47;0.6098;String here from 502 line;2022-01-09 19:23:57
503;0.30;0.2473;String here from 503 line;2022-01-09 19:23:57
504;0.94;0.8729;String here from 504 line;2022-01-09 19:23:57
505;0.89;0.0378;String here from 505 line;2022-01-09 19:23:57
506;0.75;0.5411;String here from 506 line;2022-01-09 19:23:57
507;0.37;0.5157;String here from 507 line;2022-01-09 19:23:57
508;0.36;0.4169;String here from 508 line;2022-01-09 19:23:57
509;0.09;0.1155;String here from 509 line;2022-01-09 19:23:57
510;0.09;0.7320;String here from 510 line;2022-01-09 19:23:57
511;0.33;0.8125;String here from 511 line;2022-01-09 19:23:57
512;0.18;0.0773;String here from 512 line;2022-01-09 19:23:57
513;0.07;0.5446;String here from 513 line;2022-01-09 19:23:57
514;0.03;0.6131;String here from 514 line;2022-01-09 19:23:57
515;0.72;0.7383;String here from 515 line;2022-01-09 19:23:57
516;0.11;0.2960;String here from 516 line;2022-01-09 19:23:57
517;0.38;0.9665;String here from 517 line;2022-01-09 19:23:57
518;0.57;0.7994;String here from 518 line;2022-01-09 19:23:57
519;0.49;0.0923;String here from 519 line;2022-01-09 19:23:57
520;0.79;0.9021;String here from 520 line;2022-01-09 19:23:57
521;0.84;0.1919;String here from 521 line;2022-01-09 19:23:57
522;0.59;0.3172;String here from 522 line;2022-01-09 19:23:57
523;0.51;0.7544;String here from 523 line;2022-01-09 19:23:57
524;0.96;0.2982;String here from 524 line;2022-01-09 19:23:57
525;0.69;0.4226;String here from 525 line;2022-01-09 19:23:57
526;0.80;0.0260;String here from 526 line;2022-01-09 19:23:57
527;0.96;0.9986;String here from 527 line;2022-01-09 19:23:57
528;0.62;0.0373;String here from 528 line;2022-01-09 19:23:57
529;0.37;0.5345;String here from 529 line;2022-01-09 19:23:57
530;0.32;0.1589;String here from 530 line;2022-01-09 19:23:57
531;0.50;0.8818;String here from 531 line;2022-01-09 19:23:57
532;0.01;0.3165;String here from 532 line;2022-01-09 19:23:57
533;0.53;0.9507;String here from 533 line;2022-01-09 19:23:57
534;0.82;0.0120;String here from 534 line;2022-01-09 19:23:57
535;0.79;0.9785;String here from 535 line;2022-01-09 19:23:57
536;0.09;0.5836;String here from 536 line;2022-01-09 19:23:57
537;0.22;0.7574;String here from 537 line;2022-01-09 19:23:57
538;0.27;0.7974;String here from 538 line;2022-01-09 19:23:57
539;0.99;0.4475;String here from 539 line;2022-01-09 19:23:57
540;0.74;0.0922;String here from 540 line;2022-01-09 19:23:57
541;0.85;0.6512;String here from 541 line;2022-01-09 19:23:57
542;0.65;0.7448;String here from 542 line;2022-01-09 19:23:57
543;0.87;0.6398;String here from 543 line;2022-01-09 19:23:57
544;0.57;0.6973;String here from 544 line;2022-01-09 19:23:57
545;0.46;0.2995;String here from 545 line;2022-01-09 19:23:57
546;0.40;0.0406;String here from 546 line;2022-01-09 19:23:57
547;0.54;0.6008;String here from 547 line;2022-01-09 19:23:57
548;0.36;0.0611;String here from 548 line;2022-01-09 19:23:57
549;0.98;0.7540;String here from 549 line;2022-01-09 19:23:57
550;0.63;0.6364;String here from 550 line;2022-01-09 19:23:57
551;0.87;0.2263;String here from 551 line;2022-01-09 19:23:57
552;0.03;0.5392;String here from 552 line;2022-01-09 19:23:57
553;0.69;0.4983;String here from 553 line;2022-01-09 19:23:57
554;0.54;0.9991;String here from 554 line;2022-01-09 19:23:57
555;0.26;0.2548;String here from 555 line;2022-01-09 19:23:57
556;0.41;0.8255;String here from 556 line;2022-01-09 19:23:57
557;0.64;0.7347;String here from 557 line;2022-01-09 19:23:57
558;0.41;0.2693;String here from 558 line;2022-01-09 19:23:57
559;0.55;0.9802;String here from 559 line;2022-01-09 19:23:57
560;0.53;0.8066;String here from 560 line;2022-01-09 19:23:57
561;0.83;0.8602;String here from 561 line;2022-01-09 19:23:57
562;0.40;0.3655;String here from 562 line;2022-01-09 19:23:57
563;0.53;0.9964;String here from 563 line;2022-01-09 19:23:57
564;0.91;0.8652;String here from 564 line;2022-01-09 19:23:57
565;0.82;0.8517;String here from 565 line;2022-01-09 19:23:57
566;0.06;0.0086;String here from 566 line;2022-01-09 19:23:57
567;0.63;0.4598;String here from 567 line;2022-01-09 19:23:57
568;0.15;0.9842;String here from 568 line;2022-01-09 19:23:57
569;0.51;0.5205;String here from 569 line;2022-01-09 19:23:57
570;0.05;0.4751;String here from 570 line;2022-01-09 19:23:57
571;0.27;0.6779;String here from 571 line;2022-01-09 19:23:57
572;0.52;0.6837;String here from 572 line;2022-01-09 19:23:57
573;0.23;0.3663;String here from 573 line;2022-01-09 19:23:57
574;0.82;0.9314;String here from 574 line;2022-01-09 19:23:57
575;0.53;0.4376;String here from 575 line;2022-01-09 19:23:57
576;0.31;0.9572;String here from 576 line;2022-01-09 19:23:57
577;0.35;0.6759;String here from 577 line;2022-01-09 19:23:57
578;0.63;0.9668;String here from 578 line;2022-01-09 19:23:57
579;0.32;0.2415;String here from 579 line;2022-01-09 19:23:57
580;0.49;0.1167;String here from 580 line;2022-01-09 19:23:57
581;0.31;0.7567;String here from 581 line;2022-01-09 19:23:57
582;0.41;0.2538;String here from 582 line;2022-01-09 19:23:57
583;0.18;0.1672;String here from 583 line;2022-01-09 19:23:57
584;0.97;0.3551;String here from 584 line;2022-01-09 19:23:57
585;0.89;0.3190;String here from 585 line;2022-01-09 19:23:57
586;0.99;0.4874;String here from 586 line;2022-01-09 19:23:57
587;0.68;0.6617;String here from 587 line;2022-01-09 19:23:57
588;0.21;0.1752;String here from 588 line;2022-01-09 19:23:57
589;0.47;0.9193;String here from 589 line;2022-01-09 19:23:57
590;0.05;0.1959;String here from 590 line;2022-01-09 19:23:57
591;0.95;0.6816;String here from 591 line;2022-01-09 19:23:57
592;0.51;0.9747;String here from 592 line;2022-01-09 19:23:57
593;0.34;0.5967;String here from 593 line;2022-01-09 19:23:57
594;0.47;0.1746;String here from 594 line;2022-01-09 19:23:57
595;0.63;0.2878;String here from 595 line;2022-01-09 19:23:57
596;0.87;0.4469;String here from 596 line;2022-01-09 19:23:57
597;0.50;0.8159;String here from 597 line;2022-01-09 19:23:57
598;0.02;0.0104;String here from 598 line;2022-01-09 19:23:57
599;0.86;0.4464;String here from 599 line;2022-01-09 19:23:57
600;0.51;0.5342;String here from 600 line;2022-01-09 19:23:57
601;0.97;0.5831;String here from 601 line;2022-01-09 19:23:57
602;0.72;0.6950;String here from 602 line;2022-01-09 19:23:57
603;0.30;0.1561;String here from 603 line;2022-01-09 19:23:57
604;0.66;0.0086;String here from 604 line;2022-01-09 19:23:57
605;0.58;0.7412;String here from 605 line;2022-01-09 19:23:57
606;0.75;0.5509;String here from 606 line;2022-01-09 19:23:57
607;0.20;0.9246;String here from 607 line;2022-01-09 19:23:57
608;0.19;0.2347;String here from 608 line;2022-01-09 19:23:57
609;0.17;0.7930;String here from 609 line;2022-01-09 19:23:57
610;0.92;0.7116;String here from 610 line;2022-01-09 19:23:57
611;0.01;0.7129;String here from 611 line;2022-01-09 19:23:57
612;0.13;0.9240;String here from 612 line;2022-01-09 19:23:57
613;0.21;0.1421;String here from 613 line;2022-01-09 19:23:57
614;0.82;0.9477;String here from 614 line;2022-01-09 19:23:57
615;0.14;0.4123;String here from 615 line;2022-01-09 19:23:57
616;0.77;0.8969;String here from 616 line;2022-01-09 19:23:57
617;0.95;0.7551;String here from 617 line;2022-01-09 19:23:57
618;0.45;0.1314;String here from 618 line;2022-01-09 19:23:57
619;0.85;0.7613;String here from 619 line;2022-01-09 19:23:57
620;0.50;0.3155;String here from 620 line;2022-01-09 19:23:57
621;0.00;0.6805;String here from 621 line;2022-01-09 19:23:57
622;0.24;0.7949;String here from 622 line;2022-01-09 19:23:57
623;0.24;0.7286;String here from 623 line;2022-01-09 19:23:57
624;0.07;0.0244;String here from 624 line;2022-01-09 19:23:57
625;0.97;0.8908;String here from 625 line;2022-01-09 19:23:57
626;0.03;0.4761;String here from 626 line;2022-01-09 19:23:57
627;0.81;0.0401;String here from 627 line;2022-01-09 19:23:57
628;0.57;0.9179;String here from 628 line;2022-01-09 19:23:57
629;0.18;0.6959;String here from 629 line;2022-01-09 19:23:57
630;0.81;0.1429;String here from 630 line;2022-01-09 19:23:57
631;0.41;0.4125;String here from 631 line;2022-01-09 19:23:57
632;0.50;0.2494;String here from 632 line;2022-01-09 19:23:57
633;0.80;0.8136;String here from 633 line;2022-01-09 19:23:57
634;0.05;0.8921;String here from 634 line;2022-01-09 19:23:57
635;0.12;0.0732;String here from 635 line;2022-01-09 19:23:57
636;0.56;0.7063;String here from 636 line;2022-01-09 19:23:57
637;0.22;0.3613;String here from 637 line;2022-01-09 19:23:57
638;0.66;0.4297;String here from 638 line;2022-01-09 19:23:57
639;0.79;0.3639;String here from 639 line;2022-01-09 19:23:57
640;0.71;0.8648;String here from 640 line;2022-01-09 19:23:57
641;0.32;0.7935;String here from 641 line;2022-01-09 19:23:57
642;0.31;0.5264;String here from 642 line;2022-01-09 19:23:57
643;0.47;0.9273;String here from 643 line;2022-01-09 19:23:57
644;0.57;0.8725;String here from 644 line;2022-01-09 19:23:57
645;0.02;0.4969;String here from 645 line;2022-01-09 19:23:57
646;0.25;0.6342;String here from 646 line;2022-01-09 19:23:57
647;0.74;0.5884;String here from 647 line;2022-01-09 19:23:57
648;0.28;0.0263;String here from 648 line;2022-01-09 19:23:57
649;0.35;0.8850;String here from 649 line;2022-01-09 19:23:57
650;0.32;0.2650;String here from 650 line;2022-01-09 19:23:57
651;0.21;0.6877;String here from 651 line;2022-01-09 19:23:57
652;0.77;0.6521;String here from 652 line;2022-01-09 19:23:57
653;0.97;0.1798;String here from 653 line;2022-01-09 19:23:57
654;0.68;0.2530;String here from 654 line;2022-01-09 19:23:57
655;0.13;0.3061;String here from 655 line;2022-01-09 19:23:57
656;0.98;0.6561;String here from 656 line;2022-01-09 19:23:57
657;0.95;0.7254;String here from 657 line;2022-01-09 19:23:57
658;0.95;0.7076;String here from 658 line;2022-01-09 19:23:57
659;0.67;0.8880;String here from 659 line;2022-01-09 19:23:57
660;0.21;0.1670;String here from 660 line;2022-01-09 19:23:57
661;0.81;0.2333;String here from 661 line;2022-01-09 19:23:57
662;0.07;0.5725;String here from 662 line;2022-01-09 19:23:57
663;0.67;0.7592;String here from 663 line;2022-01-09 19:23:57
664;0.19;0.4175;String here from 664 line;2022-01-09 19:23:57
665;0.03;0.0121;String here from 665 line;2022-01-09 19:23:57
666;0.69;0.3516;String here from 666 line;2022-01-09 19:23:57
667;0.52;0.9552;String here from 667 line;2022-01-09 19:23:57
668;0.71;0.3011;String here from 668 line;2022-01-09 19:23:57
669;0.67;0.9922;String here from 669 line;2022-01-09 19:23:57
670;0.99;0.1327;String here from 670 line;2022-01-09 19:23:57
671;0.01;0.3605;String here from 671 line;2022-01-09 19:23:57
672;0.22;0.4747;String here from 672 line;2022-01-09 19:23:57
673;0.04;0.2914;String here from 673 line;2022-01-09 19:23:57
674;0.92;0.6191;String here from 674 line;2022-01-09 19:23:57
675;0.16;0.2119;String here from 675 line;2022-01-09 19:23:57
676;0.29;0.7422;String here from 676 line;2022-01-09 19:23:57
677;0.98;0.4772;String here from 677 line;2022-01-09 19:23:57
678;0.37;0.9579;String here from 678 line;2022-01-09 19:23:57
679;0.47;0.0812;String here from 679 line;2022-01-09 19:23:57
680;0.91;0.2015;String here from 680 line;2022-01-09 19:23:57
681;0.81;0.5397;String here from 681 line;2022-01-09 19:23:57
682;0.77;0.8494;String here from 682 line;2022-01-09 19:23:57
683;0.20;0.9001;String here from 683 line;2022-01-09 19:23:57
684;0.76;0.0344;String here from 684 line;2022-01-09 19:23:57
685;0.37;0.3088;String here from 685 line;2022-01-09 19:23:57
686;0.94;0.8868;String here from 686 line;2022-01-09 19:23:57
687;0.80;0.0254;String here from 687 line;2022-01-09 19:23:57
688;0.95;0.8665;String here from 688 line;2022-01-09 19:23:57
689;0.71;0.8058;String here from 689 line;2022-01-09 19:23:57
690;0.71;0.3735;String here from 690 line;2022-01-09 19:23:57
691;0.67;0.2554;String here from 691 line;2022-01-09 19:23:57
692;0.73;0.8711;String here from 692 line;2022-01-09 19:23:57
693;0.55;0.8553;String here from 693 line;2022-01-09 19:23:57
694;0.83;0.1504;String here from 694 line;2022-01-09 19:23:57
695;0.64;0.3233;String here from 695 line;2022-01-09 19:23:57
696;0.41;0.9991;String here from 696 line;2022-01-09 19:23:57
697;0.86;0.1483;String here from 697 line;2022-01-09 19:23:57
698;0.62;0.6122;String here from 698 line;2022-01-09 19:23:57
699;0.17;0.0021;String here from 699 line;2022-01-09 19:23:57
700;0.59;0.7829;String here from 700 line;2022-01-09 19:23:57
701;0.20;0.3773;String here from 701 line;2022-01-09 19:23:57
702;0.14;0.1943;String here from 702 line;2022-01-09 19:23:57
703;0.28;0.8941;String here from 703 line;2022-01-09 19:23:57
704;0.52;0.6271;String here from 704 line;2022-01-09 19:23:57
705;0.85;0.6254;String here from 705 line;2022-01-09 19:23:57
706;0.22;0.0425;String here from 706 line;2022-01-09 19:23:57
707;0.21;0.2324;String here from 707 line;2022-01-09 19:23:57
708;0.84;0.6690;String here from 708 line;2022-01-09 19:23:57
709;0.39;0.6268;String here from 709 line;2022-01-09 19:23:57
710;0.75;0.3283;String here from 710 line;2022-01-09 19:23:57
711;0.16;0.1863;String here from 711 line;2022-01-09 19:23:57
712;0.49;0.2195;String here from 712 line;2022-01-09 19:23:57
713;0.66;0.7394;String here from 713 line;2022-01-09 19:23:57
714;0.12;0.6279;String here from 714 line;2022-01-09 19:23:57
715;0.53;0.4842;String here from 715 line;2022-01-09 19:23:57
716;0.26;0.6201;String here from 716 line;2022-01-09 19:23:57
717;0.71;0.3197;String here from 717 line;2022-01-09 19:23:57
718;0.36;0.3936;String here from 718 line;2022-01-09 19:23:57
719;0.65;0.4461;String here from 719 line;2022-01-09 19:23:57
720;0.05;0.1000;String here from 720 line;2022-01-09 19:23:57
721;0.55;0.7706;String here from 721 line;2022-01-09 19:23:57
722;0.31;0.4626;String here from 722 line;2022-01-09 19:23:57
723;0.90;0.6528;String here from 723 line;2022-01-09 19:23:57
724;0.75;0.2213;String here from 724 line;2022-01-09 19:23:57
725;0.71;0.4640;String here from 725 line;2022-01-09 19:23:57
726;0.29;0.7877;String here from 726 line;2022-01-09 19:23:57
727;0.81;0.9114;String here from 727 line;2022-01-09 19:23:57
728;0.25;0.8730;String here from 728 line;2022-01-09 19:23:57
729;0.78;0.4747;String here from 729 line;2022-01-09 19:23:57
730;0.57;0.7639;String here from 730 line;2022-01-09 19:23:57
731;0.76;0.8062;String here from 731 line;2022-01-09 19:23:57
732;0.48;0.9432;String here from 732 line;2022-01-09 19:23:57
733;0.69;0.7169;String here from 733 line;2022-01-09 19:23:57
734;0.86;0.4726;String here from 734 line;2022-01-09 19:23:57
735;0.35;0.8585;String here from 735 line;2022-01-09 19:23:57
736;0.56;0.8367;String here from 736 line;2022-01-09 19:23:57
737;0.26;0.0595;String here from 737 line;2022-01-09 19:23:57
738;0.77;0.5564;String here from 738 line;2022-01-09 19:23:57
739;0.95;0.4750;String here from 739 line;2022-01-09 19:23:57
740;0.63;0.6931;String here from 740 line;2022-01-09 19:23:57
741;0.68;0.5722;String here from 741 line;2022-01-09 19:23:57
742;0.70;0.2037;String here from 742 line;2022-01-09 19:23:57
743;0.42;0.5541;String here from 743 line;2022-01-09 19:23:57
744;0.89;0.3254;String here from 744 line;2022-01-09 19:23:57
745;0.61;0.6764;String here from 745 line;2022-01-09 19:23:57
746;0.28;0.3712;String here from 746 line;2022-01-09 19:23:57
747;0.63;0.9269;String here from 747 line;2022-01-09 19:23:57
748;0.26;0.6459;String here from 748 line;2022-01-09 19:23:57
749;0.93;0.3210;String here from 749 line;2022-01-09 19:23:57
750;0.83;0.4687;String here from 750 line;2022-01-09 19:23:57
751;0.44;0.2019;String here from 751 line;2022-01-09 19:23:57
752;0.74;0.3327;String here from 752 line;2022-01-09 19:23:57
753;0.34;0.9620;String here from 753 line;2022-01-09 19:23:57
754;0.36;0.7621;String here from 754 line;2022-01-09 19:23:57
755;0.45;0.2937;String here from 755 line;2022-01-09 19:23:57
756;0.48;0.7101;String here from 756 line;2022-01-09 19:23:57
757;0.82;0.8957;String here from 757 line;2022-01-09 19:23:57
758;0.90;0.6170;String here from 758 line;2022-01-09 19:23:57
759;0.49;0.2318;String here from 759 line;2022-01-09 19:23:57
760;0.70;0.2040;String here from 760 line;2022-01-09 19:23:57
761;0.57;0.8786;String here from 761 line;2022-01-09 19:23:57
762;0.79;0.7580;String here from 762 line;2022-01-09 19:23:57
763;0.50;0.4446;String here from 763 line;2022-01-09 19:23:57
764;0.20;0.3533;String here from 764 line;2022-01-09 19:23:57
765;0.44;0.3500;String here from 765 line;2022-01-09 19:23:57
766;0.69;0.1443;String here from 766 line;2022-01-09 19:23:57
767;0.56;0.9214;String here from 767 line;2022-01-09 19:23:57
768;0.09;0.1035;String here from 768 line;2022-01-09 19:23:57
769;0.60;0.7794;String here from 769 line;2022-01-09 19:23:57
770;0.72;0.9545;String here from 770 line;2022-01-09 19:23:57
771;0.82;0.7062;String here from 771 line;2022-01-09 19:23:57
772;0.38;0.2942;String here from 772 line;2022-01-09 19:23:57
773;0.75;0.0467;String here from 773 line;2022-01-09 19:23:57
774;0.78;0.3201;String here from 774 line;2022-01-09 19:23:57
775;0.51;0.8586;String here from 775 line;2022-01-09 19:23:57
776;0.17;0.3559;String here from 776 line;2022-01-09 19:23:57
777;0.81;0.8784;String here from 777 line;2022-01-09 19:23:57
778;0.41;0.5296;String here from 778 line;2022-01-09 19:23:57
779;0.17;0.6715;String here from 779 line;2022-01-09 19:23:57
780;0.48;0.2938;String here from 780 line;2022-01-09 19:23:57
781;0.20;0.3586;String here from 781 line;2022-01-09 19:23:57
782;0.90;0.4067;String here from 782 line;2022-01-09 19:23:57
783;0.94;0.8473;String here from 783 line;2022-01-09 19:23:57
784;0.97;0.8962;String here from 784 line;2022-01-09 19:23:57
785;0.93;0.0592;String here from 785 line;2022-01-09 19:23:57
786;0.05;0.7761;String here from 786 line;2022-01-09 19:23:57
787;0.56;0.4219;String here from 787 line;2022-01-09 19:23:57
788;0.69;0.1110;String here from 788 line;2022-01-09 19:23:57
789;0.81;0.5291;String here from 789 line;2022-01-09 19:23:57
790;0.15;0.5777;String here from 790 line;2022-01-09 19:23:57
791;0.93;0.7163;String here from 791 line;2022-01-09 19:23:57
792;0.48;0.6095;String here from 792 line;2022-01-09 19:23:57
793;0.07;0.6847;String here from 793 line;2022-01-09 19:23:57
794;0.68;0.6376;String here from 794 line;2022-01-09 19:23:57
795;0.96;0.1271;String here from 795 line;2022-01-09 19:23:57
796;0.91;0.4605;String here from 796 line;2022-01-09 19:23:57
797;0.52;0.6314;String here from 797 line;2022-01-09 19:23:57
798;1.00;0.1522;String here from 798 line;2022-01-09 19:23:57
799;0.00;0.6309;String here from 799 line;2022-01-09 19:23:57
800;0.85;0.5079;String here from 800 line;2022-01-09 19:23:57
801;0.24;0.5673;String here from 801 line;2022-01-09 19:23:57
802;0.67;0.1586;String here from 802 line;2022-01-09 19:23:57
803;0.15;0.3833;String here from 803 line;2022-01-09 19:23:57
804;0.23;0.2446;String here from 804 line;2022-01-09 19:23:57
805;0.04;0.7668;String here from 805 line;2022-01-09 19:23:57
806;0.07;0.2482;String here from 806 line;2022-01-09 19:23:57
807;0.28;0.6110;String here from 807 line;2022-01-09 19:23:57
808;0.63;0.0806;String here from 808 line;2022-01-09 19:23:57
809;0.32;0.0566;String here from 809 line;2022-01-09 19:23:57
810;0.44;0.0260;String here from 810 line;2022-01-09 19:23:57
811;1.00;0.1539;String here from 811 line;2022-01-09 19:23:57
812;0.57;0.2923;String here from 812 line;2022-01-09 19:23:57
813;0.12;0.5124;String here from 813 line;2022-01-09 19:23:57
814;0.77;0.2469;String here from 814 line;2022-01-09 19:23:57
815;0.26;0.2584;String here from 815 line;2022-01-09 19:23:57
816;0.52;0.5835;String here from 816 line;2022-01-09 19:23:57
817;0.40;0.8431;String here from 817 line;2022-01-09 19:23:57
818;0.19;0.9410;String here from 818 line;2022-01-09 19:23:57
819;0.69;0.6364;String here from 819 line;2022-01-09 19:23:57
820;0.97;0.7431;String here from 820 line;2022-01-09 19:23:57
821;0.20;0.8441;String here from 821 line;2022-01-09 19:23:57
822;0.52;0.4551;String here from 822 line;2022-01-09 19:23:57
823;0.42;0.1353;String here from 823 line;2022-01-09 19:23:57
824;0.82;0.0281;String here from 824 line;2022-01-09 19:23:57
825;0.02;0.7301;String here from 825 line;2022-01-09 19:23:57
826;0.90;0.1131;String here from 826 line;2022-01-09 19:23:57
827;0.52;0.8195;String here from 827 line;2022-01-09 19:23:57
828;0.71;0.1952;String here from 828 line;2022-01-09 19:23:57
829;0.80;0.6790;String here from 829 line;2022-01-09 19:23:57
830;0.57;0.4204;String here from 830 line;2022-01-09 19:23:57
831;0.29;0.8736;String here from 831 line;2022-01-09 19:23:57
832;0.92;0.1447;String here from 832 line;2022-01-09 19:23:57
833;0.43;0.5486;String here from 833 line;2022-01-09 19:23:57
834;0.81;0.5213;String here from 834 line;2022-01-09 19:23:57
835;0.20;0.6212;String here from 835 line;2022-01-09 19:23:57
836;0.21;0.4278;String here from 836 line;2022-01-09 19:23:57
837;0.66;0.6739;String here from 837 line;2022-01-09 19:23:57
838;0.52;0.3566;String here from 838 line;2022-01-09 19:23:57
839;0.47;0.6830;String here from 839 line;2022-01-09 19:23:57
840;0.50;0.7875;String here from 840 line;2022-01-09 19:23:57
841;0.07;0.4899;String here from 841 line;2022-01-09 19:23:57
842;0.61;0.6154;String here from 842 line;2022-01-09 19:23:57
843;0.42;0.1015;String here from 843 line;2022-01-09 19:23:57
844;0.85;0.0800;String here from 844 line;2022-01-09 19:23:57
845;0.56;0.0010;String here from 845 line;2022-01-09 19:23:57
846;0.69;0.4186;String here from 846 line;2022-01-09 19:23:57
847;0.96;0.7483;String here from 847 line;2022-01-09 19:23:57
848;0.15;0.7849;String here from 848 line;2022-01-09 19:23:57
849;0.69;0.0581;String here from 849 line;2022-01-09 19:23:57
850;0.31;0.9158;String here from 850 line;2022-01-09 19:23:57
851;0.13;0.6369;String here from 851 line;2022-01-09 19:23:57
852;0.69;0.3501;String here from 852 line;2022-01-09 19:23:57
853;0.79;0.1249;String here from 853 line;2022-01-09 19:23:57
854;0.78;0.7620;String here from 854 line;2022-01-09 19:23:57
855;0.87;0.7331;String here from 855 line;2022-01-09 19:23:57
856;0.42;0.4834;String here from 856 line;2022-01-09 19:23:57
857;0.95;0.6419;String here from 857 line;2022-01-09 19:23:57
858;0.98;0.2153;String here from 858 line;2022-01-09 19:23:57
859;0.17;0.5069;String here from 859 line;2022-01-09 19:23:57
860;0.78;0.0871;String here from 860 line;2022-01-09 19:23:57
861;0.69;0.5422;String here from 861 line;2022-01-09 19:23:57
862;0.38;0.0439;String here from 862 line;2022-01-09 19:23:57
863;0.63;0.7574;String here from 863 line;2022-01-09 19:23:57
864;0.49;0.6580;String here from 864 line;2022-01-09 19:23:57
865;0.13;0.0523;String here from 865 line;2022-01-09 19:23:57
866;0.68;0.7506;String here from 866 line;2022-01-09 19:23:57
867;0.42;0.0987;String here from 867 line;2022-01-09 19:23:57
868;0.59;0.2003;String here from 868 line;2022-01-09 19:23:57
869;0.06;0.2337;String here from 869 line;2022-01-09 19:23:57
870;0.07;0.5287;String here from 870 line;2022-01-09 19:23:57
871;0.18;0.4837;String here from 871 line;2022-01-09 19:23:57
872;0.89;0.8289;String here from 872 line;2022-01-09 19:23:57
873;0.50;0.5685;String here from 873 line;2022-01-09 19:23:57
874;0.61;0.3746;String here from 874 line;2022-01-09 19:23:57
875;0.56;0.8276;String here from 875 line;2022-01-09 19:23:57
876;0.37;0.0246;String here from 876 line;2022-01-09 19:23:57
877;0.05;0.1985;String here from 877 line;2022-01-09 19:23:57
878;0.09;0.8356;String here from 878 line;2022-01-09 19:23:57
879;0.04;0.3059;String here from 879 line;2022-01-09 19:23:57
880;0.27;0.3549;String here from 880 line;2022-01-09 19:23:57
881;0.24;0.0857;String here from 881 line;2022-01-09 19:23:57
882;0.57;0.4667;String here from 882 line;2022-01-09 19:23:57
883;0.98;0.4235;String here from 883 line;2022-01-09 19:23:57
884;0.59;0.3691;String here from 884 line;2022-01-09 19:23:57
885;0.54;0.5988;String here from 885 line;2022-01-09 19:23:57
886;0.30;0.8056;String here from 886 line;2022-01-09 19:23:57
887;0.26;0.8549;String here from 887 line;2022-01-09 19:23:57
888;0.15;0.9669;String here from 888 line;2022-01-09 19:23:57
889;0.57;0.8578;String here from 889 line;2022-01-09 19:23:57
890;0.04;0.9314;String here from 890 line;2022-01-09 19:23:57
891;0.76;0.9002;String here from 891 line;2022-01-09 19:23:57
892;0.74;0.4163;String here from 892 line;2022-01-09 19:23:57
893;0.47;0.3276;String here from 893 line;2022-01-09 19:23:57
894;0.58;0.8674;String here from 894 line;2022-01-09 19:23:57
895;0.65;0.6445;String here from 895 line;2022-01-09 19:23:57
896;0.51;0.0683;String here from 896 line;2022-01-09 19:23:57
897;0.93;0.8056;String here from 897 line;2022-01-09 19:23:57
898;0.38;0.6624;String here from 898 line;2022-01-09 19:23:57
899;0.07;0.8823;String here from 899 line;2022-01-09 19:23:57
900;0.26;0.5262;String here from 900 line;2022-01-09 19:23:57
901;0.19;0.6775;String here from 901 line;2022-01-09 19:23:57
902;0.87;0.4975;String here from 902 line;2022-01-09 19:23:57
903;0.55;0.8389;String here from 903 line;2022-01-09 19:23:57
904;0.78;0.2827;String here from 904 line;2022-01-09 19:23:57
905;0.65;0.4158;String here from 905 line;2022-01-09 19:23:57
906;0.31;0.4279;String here from 906 line;2022-01-09 19:23:57
907;0.67;0.9995;String here from 907 line;2022-01-09 19:23:57
908;0.28;0.3919;String here from 908 line;2022-01-09 19:23:57
909;0.82;0.9560;String here from 909 line;2022-01-09 19:23:57
910;0.10;0.4530;String here from 910 line;2022-01-09 19:23:57
911;0.92;0.3097;String here from 911 line;2022-01-09 19:23:57
912;0.87;0.1662;String here from 912 line;2022-01-09 19:23:57
913;0.85;0.0341;String here from 913 line;2022-01-09 19:23:57
914;0.75;0.1959;String here from 914 line;2022-01-09 19:23:57
915;0.42;0.0786;String here from 915 line;2022-01-09 19:23:57
916;0.28;0.5039;String here from 916 line;2022-01-09 19:23:57
917;0.01;0.5014;String here from 917 line;2022-01-09 19:23:57
918;0.04;0.4955;String here from 918 line;2022-01-09 19:23:57
919;0.26;0.3215;String here from 919 line;2022-01-09 19:23:57
920;0.28;0.9512;String here from 920 line;2022-01-09 19:23:57
921;1.00;0.5180;String here from 921 line;2022-01-09 19:23:57
922;0.16;0.2689;String here from 922 line;2022-01-09 19:23:57
923;0.68;0.2097;String here from 923 line;2022-01-09 19:23:57
924;0.62;0.0341;String here from 924 line;2022-01-09 19:23:57
925;1.00;0.7182;String here from 925 line;2022-01-09 19:23:57
926;0.84;0.4837;String here from 926 line;2022-01-09 19:23:57
927;0.42;0.3389;String here from 927 line;2022-01-09 19:23:57
928;0.43;0.6991;String here from 928 line;2022-01-09 19:23:57
929;0.68;0.0362;String here from 929 line;2022-01-09 19:23:57
930;0.52;0.5939;String here from 930 line;2022-01-09 19:23:57
931;0.33;0.1789;String here from 931 line;2022-01-09 19:23:57
932;0.50;0.6062;String here from 932 line;2022-01-09 19:23:57
933;0.05;0.9579;String here from 933 line;2022-01-09 19:23:57
934;0.15;0.2488;String here from 934 line;2022-01-09 19:23:57
935;0.87;0.9825;String here from 935 line;2022-01-09 19:23:57
936;0.16;0.0583;String here from 936 line;2022-01-09 19:23:57
937;0.80;0.4466;String here from 937 line;2022-01-09 19:23:57
938;0.92;0.4087;String here from 938 line;2022-01-09 19:23:57
939;0.05;0.0009;String here from 939 line;2022-01-09 19:23:57
940;0.13;0.1597;String here from 940 line;2022-01-09 19:23:57
941;0.09;0.8613;String here from 941 line;2022-01-09 19:23:57
942;0.25;0.7299;String here from 942 line;2022-01-09 19:23:57
943;0.12;0.3292;String here from 943 line;2022-01-09 19:23:57
944;0.66;0.2390;String here from 944 line;2022-01-09 19:23:57
945;0.88;0.8010;String here from 945 line;2022-01-09 19:23:57
946;0.12;0.1789;String here from 946 line;2022-01-09 19:23:57
947;0.88;0.3225;String here from 947 line;2022-01-09 19:23:57
948;0.47;0.8573;String here from 948 line;2022-01-09 19:23:57
949;0.69;0.4821;String here from 949 line;2022-01-09 19:23:57
950;0.52;0.4733;String here from 950 line;2022-01-09 19:23:57
951;0.73;0.5150;String here from 951 line;2022-01-09 19:23:57
952;0.88;0.6403;String here from 952 line;2022-01-09 19:23:57
953;0.65;0.4362;String here from 953 line;2022-01-09 19:23:57
954;0.86;0.8455;String here from 954 line;2022-01-09 19:23:57
955;0.24;0.0983;String here from 955 line;2022-01-09 19:23:57
956;0.17;0.4302;String here from 956 line;2022-01-09 19:23:57
957;0.19;0.8163;String here from 957 line;2022-01-09 19:23:57
958;0.87;0.0219;String here from 958 line;2022-01-09 19:23:57
959;0.21;0.3634;String here from 959 line;2022-01-09 19:23:57
960;0.88;0.9110;String here from 960 line;2022-01-09 19:23:57
961;0.99;0.6839;String here from 961 line;2022-01-09 19:23:57
962;0.83;0.0452;String here from 962 line;2022-01-09 19:23:57
963;1.00;0.5025;String here from 963 line;2022-01-09 19:23:57
964;0.09;0.1136;String here from 964 line;2022-01-09 19:23:57
965;0.55;0.0888;String here from 965 line;2022-01-09 19:23:57
966;0.25;0.7748;String here from 966 line;2022-01-09 19:23:57
967;0.45;0.3935;String here from 967 line;2022-01-09 19:23:57
968;0.80;0.4317;String here from 968 line;2022-01-09 19:23:57
969;0.41;0.8506;String here from 969 line;2022-01-09 19:23:57
970;0.61;0.7407;String here from 970 line;2022-01-09 19:23:57
971;0.38;0.6235;String here from 971 line;2022-01-09 19:23:57
972;0.12;0.8864;String here from 972 line;2022-01-09 19:23:57
973;0.48;0.9586;String here from 973 line;2022-01-09 19:23:57
974;0.60;0.3849;String here from 974 line;2022-01-09 19:23:57
975;0.53;0.9342;String here from 975 line;2022-01-09 19:23:57
976;0.83;0.4346;String here from 976 line;2022-01-09 19:23:57
977;0.07;0.4737;String here from 977 line;2022-01-09 19:23:57
978;0.37;0.6267;String here from 978 line;2022-01-09 19:23:57
979;0.52;0.3097;String here from 979 line;2022-01-09 19:23:57
980;0.88;0.1207;String here from 980 line;2022-01-09 19:23:57
981;0.61;0.5669;String here from 981 line;2022-01-09 19:23:57
982;0.71;0.5415;String here from 982 line;2022-01-09 19:23:57
983;0.28;0.0141;String here from 983 line;2022-01-09 19:23:57
984;0.06;0.2784;String here from 984 line;2022-01-09 19:23:57
985;0.55;0.9551;String here from 985 line;2022-01-09 19:23:57
986;0.61;0.9047;String here from 986 line;2022-01-09 19:23:57
987;0.67;0.3028;String here from 987 line;2022-01-09 19:23:57
988;0.68;0.0191;String here from 988 line;2022-01-09 19:23:57
989;0.89;0.5505;String here from 989 line;2022-01-09 19:23:57
990;0.52;0.1475;String here from 990 line;2022-01-09 19:23:57
991;0.32;0.6145;String here from 991 line;2022-01-09 19:23:57
992;0.97;0.6880;String here from 992 line;2022-01-09 19:23:57
993;0.58;0.2605;String here from 993 line;2022-01-09 19:23:57
994;0.12;0.3919;String here from 994 line;2022-01-09 19:23:57
995;0.96;0.5614;String here from 995 line;2022-01-09 19:23:57
996;0.40;0.2616;String here from 996 line;2022-01-09 19:23:57
997;0.81;0.0221;String here from 997 line;2022-01-09 19:23:57
998;0.34;0.7264;String here from 998 line;2022-01-09 19:23:57
999;0.12;0.4637;String here from 999 line;2022-01-09 19:23:57
1000;0.41;0.3746;String here from 1000 line;2022-01-09 19:23:57
